ma_id,MB00004,MB00004,MB00004,MB00004,MB00004,MB00004,MB00004,MB00004,MB00004,MB00004,MB00004,MB00004,MB00004,MB00004,MB00004,MB00004,MB00004,MB00004,MB00005,MB00005,MB00005,MB00005,MB00005,MB00005,MB00005,MB00005,MB00005,MB00005,MB00005,MB00005,MB00005,MB00005,MB00005,MB00005,MB00005,MB00005,MB00005,MB00005,MB00005,MB00005,MB00005,MB00005,MB00005,MB00005,MB00006,MB00006,MB00006,MB00006
reagent_id,WB00021,WB00022,WB00022,WB00022,WB00022,WB00023,WB00023,WB00028,WB00028,WB00028,WB00028,WB00028,WB00029,WB00029,WB00029,WB00029,WB00029,WB00029,WB00030,WB00030,WB00030,WB00030,WB00030,WB00030,WB00030,WB00030,WB00030,WB00031,WB00031,WB00031,WB00031,WB00033,WB00033,WB00033,WB00033,WB00033,WB00033,WB00033,WB00033,WB00034,WB00034,WB00034,WB00034,WB00034,WB00032,WB00032,WB00032,WB00032
step_id,66609.0,66953.0,66961.0,67127.0,67127.0,66840.0,66840.0,67259.0,67323.0,67423.0,67543.0,67543.0,67575.0,67575.0,67674.0,67674.0,67674.0,67674.0,67731.0,67731.0,67740.0,67740.0,67740.0,67740.0,67869.0,67869.0,67921.0,67940.0,67940.0,67973.0,68036.0,68180.0,68180.0,68383.0,68383.0,68383.0,68383.0,68459.0,68459.0,68277.0,68277.0,68277.0,68618.0,68618.0,68123.0,68123.0,68374.0,68374.0
run_id,D00824,D00853,D00856,D00867,D00868,D00841,D00844,D00893,D00887,D00908,D00914,D00915,D00918,D00919,D00922,D00923,D00924,D00925,D00926,D00927,D00928,D00929,D00930,D00931,D00938,D00939,D00941,D00944,D00945,D00947,D00952,D00962,D00963,D00975,D00976,D00977,D00978,D00983,D00984,D00970,D00971,D00972,D00990,D00991,D00958,D00959,D00973,D00974
col_number,,,,,,,,,,,,,,,,,,,,,,,,,,,,,,,,,,,,,,,,,,,,,,,,
1,4.185684780059221,,6.152632863387662,1.8002603449642194,0.44191059932455123,6.208885998767925,3.2334976320679685,2.539180882119219,2.6633734348127205,2.0957336955894617,0.6799393172107009,1.2509807666677646,2.0067787630665137,1.4982631459008893,1.7682233148968545,0.5630289957278317,1.1749353387412127,1.110424389358957,3.4261657684947413,2.4513545099492213,3.1554028422354765,2.476183888452709,3.5474594448552685,4.179197186123995,2.3549314345849854,0.041375212383170726,12.439413092618082,0.1447354368930773,0.020872434004868348,1.0010091816981934,3.9659112715702722,2.4246484566015036,1.2768655818380088,1.4548240608056437,0.13079517247067848,0.613079793192643,1.2757683227916128,2.4859124617003467,1.3982181594353085,1.124522764885404,1.6466421386340313,2.4058565485212924,2.487643172254282,5.794007268024548,8.122465479780987,2.506277799000799,2.9959704320113087,3.282432760562507
2,4.650021597141625,1.865430568564691,4.085844758832017,2.1448149008782518,0.5437113407615652,3.455430195200014,2.0462175064000645,1.652811814103942,1.519815369769623,1.5530302769666322,0.33551998451943493,1.1674379037761446,1.745499033913407,1.8337801066799022,3.1213899863665344,0.8772046434945333,1.9026779011901382,2.1950248525152665,3.1602224770649436,1.722344665951606,2.5135526071810173,2.883294009058647,3.373854751681979,3.7022183428438633,3.0049012527008476,0.4140219202794783,10.349737872833643,0.2493219280471575,0.1152462968502621,2.3111317814206402,4.086545466745617,1.3127069762593764,1.2263538336537831,1.4524521682610394,0.14903034430077985,1.0191739848151145,0.8490399695983213,3.052688743055482,1.9958515519162792,1.14791644987255,1.3050964617570457,2.154083334004627,2.772554894532816,1.9917248472936795,3.0118806785514507,1.5480349817763661,2.7002873444775983,2.83248390696521
3,4.21548466559172,0.7137103762820782,2.3514002810863053,0.6252827150564191,0.1888330412361902,3.2830863520861184,2.3983350355614026,2.288379957546844,1.743824387101975,1.733718497075653,0.43885019192834057,1.6642199552374746,1.748285850584511,2.845899442387561,3.2454506596598396,0.8542998833348315,1.7847824618450199,2.0218304547349497,2.4608751043343458,1.7359491128624414,2.26334082976087,2.3592512335152,3.6281614103211934,2.8149440487495236,2.170519316479123,0.5034965026671899,3.2852248405588815,0.7264692173248665,0.15840613410128607,2.4809878786602924,2.851141020268551,1.93302044364916,1.124677250812175,0.9765246682906416,0.1548131698887419,0.7774446912367158,0.12184353222492916,2.3107198083666454,1.47919731148985,1.6330676226573164,1.9791914240776785,2.0417077028008555,4.64458818794886,2.221574355331881,3.083407954946376,1.7802843858588917,2.1358923767411775,2.323579783221913
4,1.9369833443405915,2.019149550553977,7.179285262177185,2.2889542281145476,1.2994272243358513,1.9806145106113666,1.5053977279220434,1.5178803885492247,1.3931575986776967,1.014436467245738,0.3244088217636999,0.8679722878202151,1.0938663347426523,2.026948602525303,2.255492174959651,0.9085089164553974,1.1895147471842573,1.34386327503857,2.0425520165446165,1.2841263296762033,1.1162800869544227,1.7106565642222054,2.824597135211209,1.7271902945282251,1.8159572845126561,0.5373559568624534,4.398360644606438,1.2664146454258218,0.046841377591780656,2.770276566184515,2.2794962721126346,1.4263386409492649,0.9237206247437408,0.8773073233243522,0.4251087183232286,0.5262707674450897,0.22639136890751735,2.586425378440638,1.6757615006594049,1.339590034997298,1.9120904442382964,2.4606055754677842,3.351032556438032,1.848818290031462,2.136719964673427,1.6940356963701115,1.9749142967032647,2.3712453890743017
5,0.14403239610408713,1.039727160806498,3.8613342316604107,1.5422379508178503,1.117911300414402,2.375420010331609,1.6572015028858844,2.013610243590015,1.6827132294772063,1.5707504916140198,0.40056549794704605,0.93554486621047,1.3037324295613169,2.697178274480434,2.7501899813303963,1.2793846625302678,1.6432668792599938,1.8612662480219568,2.2005324506621147,1.513308293699573,2.086383746713928,2.2232045422550963,3.022499425219986,1.8115583651987246,2.076904427550753,0.6812760553695838,5.321026630278502,2.3758826218259466,0.20184110426033808,2.258238643764206,2.3886253119232705,1.5676411766737577,0.9623255340305094,1.0080133725588838,0.6873934103460178,0.626579683288095,0.08212584192097513,2.2324820544378365,1.4451668485288212,1.32198002858631,2.5177735659428513,3.0102534993380408,3.7092009008498716,1.8559313893371732,2.7780486286913417,2.1019262387551065,2.0190828243208916,2.6951480662526737
6,2.0663657619289335,1.38901608646822,4.858640609383211,1.4497293848766006,1.31042369294306,2.3430436506394483,1.658973414605941,1.9469910654317628,1.5776340094710029,1.497067377850857,0.3669087855679419,0.9194287797549481,1.0783041450841588,2.220837765451358,2.585228349646008,1.3579514360491238,1.4544577902699303,1.3494439883418854,2.4518507923176727,1.99994044405215,2.2030918153838175,2.33981771667684,3.0774780095969367,2.5453574452148566,2.671527357702931,1.1274778728370478,5.342909433514176,1.5722639386199218,0.24323222995975297,1.7040208867931874,1.798091034156225,1.7883338792595542,1.376654404713816,1.1734637378588828,1.095939801434075,0.6109758838909821,0.7222615508550828,2.7061447216898666,1.3441284820877142,0.6419650521240802,1.916535884987386,1.912609985666874,2.920243222189054,1.598128598903111,2.169637739140908,1.9211999860654991,2.925794883218103,3.470061272357178
7,2.597778239411704,1.3388541970030965,4.625398176978819,1.7896430858288772,1.2446783258847656,2.167076950919967,1.7124262772176317,1.3217349872489337,1.3238550614528708,1.2423982815319332,0.3921990688688005,0.9736124309685736,1.0501226536307178,2.1709334275054513,2.4475832715064123,1.3361093158657789,1.3192905844790854,1.3005857530291047,1.8944907727198386,0.8234452248349637,0.9772780983415564,1.7772821825957825,2.2073270331305537,1.5824482548720307,1.9152143319227612,0.9725598630880865,1.4736941820835818,1.8094076660564586,0.4566583948831306,1.5086180826498794,1.473629000493279,0.8626017224036258,0.5847495623950053,0.9620711420311349,0.8850972664779436,0.3660848886539277,0.23759390851781623,1.910234699098388,1.0147396097038492,0.5209184019184908,2.417609912687791,2.2201122102920814,3.1290756131243262,2.3356463360180197,1.9294472518797543,1.6722237740761179,2.0675631844240168,3.5864994162077264
8,2.1315684183139982,0.8451495897550105,2.5686861079464616,0.8915198081517124,0.3373397118206934,2.346677376901816,4.272518960552028,1.890435659080774,1.7002603445130315,1.5754215258245319,0.44249247355292165,3.568926979133951,1.4527780536283554,2.4319523575165496,2.6199264751113556,1.5774081826563473,1.2571021515029097,1.5610629210263987,1.877553097999277,1.7153364156177717,1.6651735106787455,1.9535759890629187,2.39371053240227,1.9110885248404157,2.3702028768755476,1.395986116689869,3.2810900727426553,3.6377145781997204,0.674191901076356,1.1119499216512696,1.8538096184654893,1.251777719101525,1.0612676987415164,1.297996164112325,1.1764709482448912,0.7003317062478711,3.073185221746495,1.826125572775339,1.563916707190768,0.335451105498178,2.133165144264035,2.037180962887266,3.241241713545071,1.901904143029539,1.9067955758568733,1.8385070145355227,1.6466599206308763,3.2678159969415486
9,1.5051441836417543,1.3515821861243467,3.2209105064463035,1.0631400244644047,1.1981670914113705,2.5426257666844476,4.05643692355585,1.3840291855691986,1.3824408519891502,1.3603980683242787,0.597573265423146,5.246081887281702,0.9271598364217832,1.4225150920781284,1.2301923972635622,0.8603751357893011,0.5924204486614562,0.8731945235053712,1.5859986962503099,1.4322988587528935,1.5506530246265173,1.791896558747201,2.060227325667126,1.2930217082965438,2.120291893527438,1.283900516621655,1.4461695461267026,4.331670346870792,0.7774879310820889,0.7518298653186984,1.7994368738987336,1.292438018487153,0.8544886628940358,1.0908496407048238,1.0321064997568,0.9056609559889883,0.3296064390164254,2.3293167795539587,1.6785753147256788,0.319576577979867,2.4173888760514757,2.68765403680859,3.085028804074771,1.960240684007494,1.9342623792320017,2.1326892497411936,2.0286736760266306,2.3948876845661853
10,2.06970169035963,1.5097861367551206,5.241343411773795,1.6112994148208997,2.514039399869734,1.563579475805367,1.8335811739539642,2.1110359207131353,1.579702785516893,1.5079341848539594,0.904930011828934,4.539522303755706,1.1931749074364812,2.132052695548415,2.0285961598369755,1.365386528983298,1.0663685920026342,1.4059211619598289,1.9789439539552238,2.381071818550877,1.6780032507641658,1.720486162416576,1.9339655409590368,1.2994491476473395,2.2892625718404314,1.7762908929882928,2.9770328276826956,3.4820404920215577,1.5932160609883186,0.9618283083926954,1.8491810763084446,1.9840591236798573,1.314802581594152,1.1028865919856048,1.276052560048582,1.174901412818295,0.9391597400864803,2.3909490219379452,1.7677197063713093,0.27230654670454063,2.291285805572796,2.0988881874309664,2.7219280366804997,2.00523517263897,2.1193988815590923,,2.082718110385572,2.151163451503911
11,6.797283623514951,1.340201539612876,2.351675778379304,1.4067718372866256,2.0858198056370627,1.5577707312208338,1.754496194245297,1.7656240904426603,1.5732813046704492,1.6197796054925249,0.7645933148812434,2.5115513255021336,1.1605891342266288,2.223885741429072,2.2953629411638454,1.6127377866511554,1.315112820349262,1.4988926211151976,2.3128693123685533,1.8322362332547901,1.0781931952395478,2.0582188600901765,2.2512128442341353,1.392453029646634,2.898080293435229,0.9542744829603087,,2.8379171205386124,1.614720645603299,0.8035845084283394,1.9310943974315808,1.7810797502582225,1.0720000283207591,1.3417663318702897,1.2653590321218438,,0.41576263115720685,2.3922966907477345,1.8897379625580895,0.5831742033553248,1.7259929555023,1.8695055267138865,2.9555814506019717,1.9279693453370355,1.9767034055739277,2.2016498376844362,2.2200176188016623,3.2824663415339788
12,4.257301265692255,1.8488287765218527,4.060543482775501,2.318871958854457,1.8163198463008414,1.8516384241280295,2.283554403657743,1.6713619640182709,1.805477807436184,1.6320371884227307,1.092496162581835,1.7786247840391396,1.0317902003063797,2.032468763771962,1.9915405563819888,1.683678954092666,1.2890417094817797,1.3873818933290951,2.002277713789838,1.7624523437726123,1.8299283095943097,2.0775632195752993,2.0713896703408152,1.4983294927281054,3.0782473589691195,1.0913473848067006,2.0972050239250697,2.7465484536875375,2.2605230885804484,0.8458788866377203,1.5834719086460365,1.030484642955217,0.8707853066634675,1.448290495994133,1.311040221326083,1.6800194465667748,1.070777784143363,2.48880522850862,2.2860369166651275,1.4235213072407684,2.00834889432366,1.9609463072617006,2.880148206033434,1.9872271096813672,1.6319958463147572,1.694972902262222,2.171562263526219,2.0962714789059835
13,4.749141061784091,1.4584698231524083,2.3893954346565267,1.4083002198071175,1.0301125084759524,1.1984155301308246,1.9581783122207264,2.015543427202591,1.570970116749064,1.7304382387922443,1.1239009912722544,2.885639375699891,1.4194473951818483,1.7175706825350623,2.06432046271062,1.6912986330944462,1.1818026098062957,1.5763703161962936,2.3448239241423923,1.6565061494852622,1.5904198587148284,1.961469200991675,2.1332644124112905,1.663674152988664,2.6531168236025313,1.0323316354538858,2.9727490094912516,2.8007149342621425,1.56883240701433,0.7221647932328162,1.6437726268453616,1.6653929606881224,1.256135535968755,1.4258239198822111,1.5126566103302976,1.4099422518538998,0.2190829648972699,1.8351043089220869,2.0269070826231905,1.6912894865641994,2.3496615144451347,2.054419997864123,2.5813696633990357,1.7924439833447376,2.5116959494829763,2.0006899792169444,2.460288007805667,1.5339736105227266
14,2.2183302033278327,1.8617265338986309,2.548142410703112,2.5619247746692797,1.848676021871773,2.0150408875726944,2.9386099656147544,2.0669635407296023,1.5511896971253456,1.5174022999548917,1.6126452324737333,2.8278272440362193,1.5514398767595652,1.7661767053021613,2.2293656017897368,2.0237940247085215,1.554144412343115,1.5731310471440112,2.0024909166269733,1.526620799689575,1.7462628912559932,2.074035003065434,2.19831023608651,1.8690232429749245,2.9198819846075077,1.2906824877675476,1.4955604241664537,2.9900829113802687,1.6122722902610254,0.8848306726258757,2.6040893408823567,1.0655320268323338,1.1341644435640905,1.1176789600371975,1.2869799656386354,1.2655368603664274,0.5233365690982712,2.158124213260778,1.9730303114523902,1.3814982471850843,2.364987834203638,2.1877748802554664,2.7166694339671404,1.8319510609641094,2.056083043497134,1.7163316700589313,2.314954948351878,1.3076507785619078
15,2.1503145851928505,2.0502634417488848,1.706233802025471,2.4256216217389817,2.5156650058864423,1.352870092112189,2.4001184906802866,2.0969562213891453,1.3975297743116233,1.8108188763829949,1.6579099645078557,2.392669713971691,1.3741512786481236,2.074276741396809,2.086032385339991,2.1118314182557043,1.5407691047081882,1.635323533829543,2.23935544441792,1.7994220737531184,1.4788600819130822,1.9691943141606822,2.1187403089616073,2.3293633237033857,2.5986218771446614,3.32654721147286,1.2384706084528896,2.6411518209939073,1.8449528456587254,0.8852315754312253,1.8622927766801844,2.2051449554913347,1.808423910425275,1.057577362607907,1.3169804225379584,1.7911763771849367,0.19561220659270748,2.15301680598801,1.9477002306349318,2.0023523095264437,2.1539178800548497,1.7895200833224605,2.7441145310707413,1.998273233823717,2.657154979328854,1.9351782574618388,2.7274515890783033,1.1602057738605718
16,2.2408292896912188,1.883825730725014,2.3462893739063344,2.5383791134844307,3.5987647095488615,1.2719835411657001,1.6129545008393091,2.0136277701866843,2.0753357696538104,1.960900892278358,2.544191814971773,3.104567637228302,1.282000698371292,2.0160030068905246,2.0124559469385663,2.0262901702466087,1.3330450840812094,1.7144948193512157,2.492155689201547,1.8540517270932935,1.8179530447025856,2.2979889871722814,2.2077899835598487,2.908051194635565,3.589924208958389,6.723348232026842,2.4199542901141897,2.2313071270393903,3.8873856114463674,1.194497718333707,2.5089578533632255,1.2966002236518515,1.5676900456132508,1.2663634831119142,1.491279754748742,1.6129792289744502,0.5591636849687034,2.4244218532995543,2.3241701391951812,2.5147074142097874,2.6022796783771365,2.3338166859777263,2.9070684883135556,2.4618140080255384,2.080081514755932,1.6010695064073857,2.188284492086887,1.4749653857678675
17,2.7005561670016456,2.1480175466295526,1.3108964219869375,2.4629470083212,4.276030926020324,1.8377263504121908,1.704515586000988,1.5749072603506065,1.5263984585330637,1.9253977441042076,2.097866063728148,2.269574757334186,0.9975101087725169,1.6857926075791108,2.0389759684105657,2.0401349720421535,1.4276824657490816,1.9087222791970369,1.8889761809503531,1.4770158666554005,1.3633886374903053,2.0526725297408963,2.059543636350394,2.451019983878147,2.51159390293211,2.6505870355632037,1.5861830522988507,2.0169690577913078,2.2654607416620234,0.5438463493313279,1.5344647787119383,0.9740807015097195,1.815104749620641,1.1404421778645357,1.54215943967808,1.3826373542208015,0.4132974136271331,2.227859636259038,1.8679524818731967,2.8311673363235665,1.814666042590982,2.1641633118364987,2.9075347580571256,2.019917704806493,2.3948190217408247,1.974422466823233,2.0346368273322533,1.0977387090441306
18,2.254659109007152,2.1574751818102267,2.544572064618965,2.652117912511728,3.4453774404351254,2.6469907762809957,1.4537987351620862,1.8954570290264043,1.6523942212903049,1.9629462584513615,2.4853516702378924,2.3974994037031445,1.3649418959365291,1.7588474467963349,2.1384686055836464,2.215026884198694,1.608327998352615,1.8081363190913717,1.9827452744953542,1.5495106361167454,1.4531879895622606,2.1370655369142186,2.275809340419149,2.347605626896395,2.7145406337751137,2.092413762678506,1.8156654262915257,1.5650387278079676,2.034552173207695,0.516057363533683,1.9054688443627652,1.0556402951406405,1.44627002216858,1.0596091721816996,1.729677595706729,1.0558067585381512,0.7032591662534601,1.8232714334170275,2.195338885351002,2.2432183140944013,2.187302425551205,2.3731037563674326,3.2201153032803456,2.084520275926648,1.9984383554278229,1.9699334050845119,2.06379945776131,1.2001206331821328
19,2.887828922716053,,0.7176012650835695,2.164115372482818,3.8041080481721883,2.1784650903309237,1.1932803843785584,1.7024956261209572,1.2720636182221299,1.9476367626723632,2.5064253480789778,2.553381574781723,0.9858295988472581,1.711062390136579,1.6023503284719207,1.6734378142408457,1.4616120687888823,1.251542627930235,2.1594397549540285,2.104949090925167,1.4976717789633731,2.200595723430101,2.1703700181552152,2.4005047656800054,2.490940183398972,1.9256395332082663,1.4229121672084648,1.6540917111168092,1.9361544915823905,0.7807156934236199,1.8707158771376076,1.6410356898817247,1.5871845460453036,1.0103107943799527,1.9421813178041676,0.9593849766398351,0.5532601611543593,2.372639610655906,2.234369766356186,2.1365486652864956,2.299661825298773,1.8687581177650525,2.8310811563815816,1.854767738769118,1.7892786888811538,1.8649225745632898,1.881717303159721,1.2995022266767238
20,1.7690142794554706,1.8928388817457609,1.552472956357992,2.2755001767495826,3.4748717933208293,1.6529421851107986,1.0257706609697068,1.572837369284013,2.1212100266224705,1.9445184774172426,2.498965816405606,2.422502782000696,1.5484024002945396,1.8048679835421184,1.680952466715699,2.242253329170607,1.8517388299074844,1.8024712960455995,2.101421813390326,2.0210752984866533,1.6301551623531876,2.8131197422817547,2.5672946118273168,2.7320969076109662,3.2583548276774885,2.241838005199778,1.934237759969386,1.7013163565681868,2.1101007218996197,0.9372691066675846,2.0008637670444767,2.0057297228029665,1.1402697993518678,1.1801400382238365,2.4703594123369794,1.1227037577392418,0.5776897635470002,2.0878050865742015,2.01050755278908,3.112329179090785,2.6228060352564384,2.5853224401491937,2.8684224628857122,1.9569265615563165,1.973770087607847,1.9292344667971768,2.15735852120969,2.202020541221934
21,1.0069435461154208,1.9319210775160311,1.2160252846720943,2.2198113456033974,2.836251524537271,1.70835026055926,1.1904199301490468,1.8490489379268005,1.3822568526137744,1.843278636604578,2.0194815453189854,1.8988749457301932,1.4343261821946487,1.2368114441635225,1.7522581463450875,2.1304534429569104,1.7245432086300516,1.6145108603890568,1.7508150060876102,2.3757284655827093,1.4273967121106215,2.0933533583225294,2.190033816166868,2.0976111330743565,2.1711348246771305,2.0443944421694575,0.9660341244761639,1.245603048065402,1.9902066441387405,0.6497436972829082,1.6473938366190684,1.9241481924457964,2.014582993692763,0.7948632676556991,1.6706777657379757,0.9214834747770619,0.44255862870872675,1.2710705765142616,1.061130139360903,1.9288631855857548,1.7723846055368502,2.0317461263866203,1.398779958170795,1.0108729455578096,2.421145833426575,2.101634005599187,2.2252076208353544,2.354015767557682
22,,,,,,,,1.6174723530206165,1.3529746663039899,1.7557815374288643,2.072956436922708,1.70988413317524,1.4436100534299086,1.618763139520757,2.0225667653464448,2.4743643821098233,1.7155937079907095,2.0843542639171533,2.93877547820512,2.4800331177780595,1.6277355156238804,2.511414973817736,2.4002304891903568,2.4523402864301236,2.2664614125942455,2.1436676757646773,1.268291724264976,1.4297676912181334,2.895934351191894,0.8592631396024616,1.8491660618691266,2.0096258008413233,1.9752199286137246,1.0951329484868382,2.2458572560978554,1.2844331260402793,0.9613182085249075,2.297981333756919,2.04532058980535,2.5612140449514404,2.0723546934702326,3.163111843818551,3.093074570770997,1.6479687794834257,1.9247494160912153,1.9443379002123415,2.239754429387682,2.335891083993759
23,2.2338809746725854,1.827817639878625,1.10647743058228,2.522881029047667,3.3212784880956727,2.5849500362638924,1.8065026689838732,1.8251076068771281,3.013557346569346,1.9222636268989532,2.4084229959691017,2.4918548069678224,2.2620887691087153,2.694329039166714,2.930121919431279,3.1633259523743558,2.9481196583113536,2.7760284327950404,2.1152637446730247,2.352831956220206,1.7594104582769283,2.410786041130999,2.1663967181813395,2.4312287223839357,2.5050792860046283,2.2200734368142054,1.2566271523081196,1.9370240820483535,2.3534672429216243,0.9593291740216857,2.3981922396669226,1.705498491812547,2.1469882106381926,1.3561366991551818,2.8610582419279074,1.0807407691076685,0.8893719611286208,2.029692234075651,1.9278193970991935,3.0637177547439993,1.6716052550652265,2.2562172425827907,3.3115752634742908,1.6664246197429518,2.0618951491409043,2.0529791161947606,2.7088509978621573,2.4034637480497207
24,0.7681251669836068,1.8764547017395536,1.6687797597302865,2.6427405001313264,3.2422182736168064,2.428023714330202,1.5074536072532623,1.8703957484495917,3.7814772793871825,1.8926183002741612,2.394559085714921,1.803515497190297,1.992940450669993,2.5105663631574777,3.1474290373631275,3.504109089078933,2.632374395179309,3.3859384217911397,2.616927152252286,2.318132692486867,1.3963675963129756,2.0270964427534843,1.6525114347897127,2.0792198348447553,2.129601699271585,2.351940156657456,1.376082747468752,2.31781842165548,2.3661528352167767,1.2274585238713582,2.482925545483794,1.637824268615259,2.046991428985552,1.3159783614886866,2.3252175574103906,1.261766480545027,1.346788666890219,2.0959297268828982,2.088396688169615,2.851361044442424,2.143630661376808,2.1147360057505877,2.5481223306971947,1.5118016984278624,2.211983080259808,1.95542087483484,2.0548397279062667,1.7230034820884266
25,1.2835744897037422,1.7928608127176795,1.41371497672715,2.4245874638466116,2.350830446031794,2.122555923704792,1.9923017534953815,1.653819009192513,2.642628235395366,1.6639288252029885,2.307920331720899,1.7451864313255232,1.279187869834781,1.9722837755904377,1.8122349237415691,2.6816503024061693,1.7148657354421553,2.122580596970662,2.126972691517838,0.9895796275951567,1.3290406265307244,1.996958471192117,1.5532081382528364,1.9052083840893776,1.808813481427211,2.158312286245611,1.0568002825995115,1.3723015354459611,1.8756154256409263,0.5112257037497306,1.4994688505596339,1.3588416434087818,2.3461181128598123,1.296318090475326,2.064298973234071,1.179743595491485,1.0504853669664145,2.1864681776551964,2.1329516213294473,2.995425309165769,1.910071731997873,2.1933862617270523,2.9492376730145633,1.7082361818206295,1.9855002728520723,2.0423647445183173,2.200797908052108,1.8040614893419162
26,0.5800184291615251,1.6457705094328645,1.2111416936441934,2.606830652874162,2.5717124989113405,1.7627039792998258,2.6890451459788607,1.519468882427313,3.535183893259334,1.8077078981817813,2.5728986572736137,1.9588045194099184,1.428170828953339,1.9855808261842571,1.8533414387965994,2.150226167042872,1.5713325474777804,2.144344343470791,2.1075301224775727,3.127813319962995,1.1666909703374897,1.648144257489111,1.1719809138679265,1.6674683632274174,1.537537524628266,1.6520362872071537,0.8747490502316877,1.592840838324034,1.491420160409691,1.3834166571922284,1.4449609760390159,1.3695756299320003,2.095870025014607,1.2544196202355524,2.278674445228886,1.4095748655459517,1.8290979266932978,2.3330979777113603,2.356911656653459,2.7132253317495136,1.7582382608126932,1.649899440195983,2.621305771480613,1.6071811158222482,2.0898722737055024,1.914494071928132,1.7643576445304294,1.6358776516051703
27,1.048829260755265,2.3006253182190197,0.7649386183383302,3.0507500701484727,3.4100346863683817,2.694839005437274,3.3414953628204533,1.8707976917331974,10.301157326864862,1.7700077624660426,2.809771177096201,2.313525762310606,1.7440896637513554,2.2989205577287115,2.0581842751095234,2.705773499957088,2.327811018478452,2.3832175097431367,1.649110560308433,1.7493016564644435,1.8692398439853157,2.0787705587337157,1.6927812508889677,2.1136701426618623,2.0093499603265887,2.2308074812005243,1.4228017595231184,3.253905677584912,2.1617929546912764,6.024692731862962,1.7457165749677983,1.9224550235487006,2.6354419600525403,1.3476718602466515,2.1641756643325993,1.076449665896401,2.135400091940417,1.8606670969192334,2.0553617054406215,2.4921221681358823,1.8171956098972086,1.6316095926375969,2.048147348264378,1.7401224890531284,2.594567583609928,2.2114338552394353,1.814996421359072,1.8447396699765448
28,1.634478221052579,2.161558880029558,1.5673411622828048,3.159205236518481,2.8629946337516734,2.6251318964915193,3.6024673691779108,1.955714636813747,3.5886138071184197,1.7060692140099876,2.88128517967227,2.7245000500697167,2.7410511586352886,2.5648207070386717,2.7083327026785295,2.9645614732908023,2.7172240623856125,2.791903809387801,1.773139159662069,2.6747510390385902,2.0779594410957847,2.159287078486091,2.0053200305028502,2.185420841570288,2.21958997481741,2.3921057322198505,1.2805469773384361,3.903437526169875,2.6272883565489282,2.489077090676457,1.8210603964147758,1.5806242549198146,2.496340644881998,1.5421955960148928,2.320376799793354,1.5067306416993422,2.182469810544605,2.058117745308879,1.8382664557629589,2.1119884862685447,1.475177141665205,1.9177763046668066,2.0662754140794184,1.636780051104795,2.289910977863779,2.202123590113415,1.5413705924202785,1.8531620359368057
29,1.7823741199040959,1.697475746675513,1.0806152766288086,2.432273656690319,1.4956284193547487,2.5775488869607326,2.8058424096577244,1.6620459936688794,1.8770847177907148,1.49199445567542,2.3258659481154247,2.693031680577609,2.418557233676895,1.6738440216774428,1.6628064704323722,2.1186602560320527,1.669588884060659,1.9531919705472052,1.398067565814736,1.6340433809194255,1.1557278328892207,1.7298541855634595,1.6390180187521894,1.5912551892131488,1.8064940902175766,1.716474648680553,0.20793631419730768,3.517625872221243,1.8290606448283415,1.323128511511577,1.5464108126129863,1.204167518470709,2.6073967353227383,1.422874879230207,2.100651285176339,1.4524477579783541,2.220024092181864,2.15348462732644,2.091630560368482,2.412504071375683,1.485001585754225,1.9031875585650941,1.5366996210648793,1.1885150426934266,2.2604121495910676,2.169679272952745,1.550469349117234,1.7689745404573212
30,4.4282491672216375,5.517418917523649,5.3490294971616,6.488150921688936,3.9079341812916466,6.731096919566442,5.08272934615257,1.9424943249464206,2.068849061515567,1.7358089234144207,2.1478429224845006,2.782280701766013,3.394113328045909,2.612057833830405,2.0601282309041133,2.623251673585991,2.7100488760388957,2.223601417853209,1.7923713940648023,2.6269144338677495,1.993808453828209,2.0115431282257896,1.768829662688992,1.9265987606297816,2.013510014147407,1.6989734571289887,0.7733175097038695,2.2526020277216876,1.7005735767792278,0.9045026782476784,1.3394572408491736,1.7546517679503308,2.6811401383101128,1.8513347400191047,2.3154566257735096,1.18537659275975,1.3267918265352223,1.9664633904265643,1.8425591046247995,2.8320651013562834,1.2149462355761325,1.7918489969211613,1.4657241661523586,1.6548793807736175,2.1135703139414677,2.111589243461399,1.2906351829347693,1.71630020355235
31,2.8584045595138043,2.2896135318263777,0.5706327248730594,2.913875559266589,1.2452576843081622,2.1174145760467002,2.897792507359898,1.4735982736255544,1.5999086428498135,1.3863216688254039,1.8002260752317212,2.1257063359100736,2.9301727907918753,2.399713649993582,2.0249386965390177,2.7408744881800904,2.727997295819571,2.2524294333002333,0.7088248602845,1.827410032774956,1.4206233408519584,1.7768373245520275,1.704583480664373,1.7895026741879951,1.8970109212159765,1.8202884675478752,1.1503652755463925,2.294838913351242,1.6917938891605464,1.4762265243856247,1.4080527542972041,2.2485612004326176,2.4728683333811303,1.722520247162374,2.0787068573215035,1.6869927811703933,5.340785608471374,2.2135889394674813,2.306855688222957,2.3075616444242,1.859316778695402,1.7810110385853093,1.6448574744074889,1.920856246031324,2.344833267007012,2.526790764227294,1.8041933356073057,2.8916535786982984
32,1.9479195682774124,2.385277943816276,0.6750054302616654,3.030953945520905,1.438526172658545,2.1498431100914166,2.698229074086203,2.0362844017005286,1.8993700601278807,1.9191258561667452,2.1961515708451422,2.346843165675887,3.2490073192305116,2.406348244870118,2.0624270931262982,2.4783406030890833,2.532041531157016,2.2208650490190895,1.3009713607305862,2.6451015191187524,1.9069742252697284,1.4007530341501082,1.561122099765869,1.6855454442016318,1.683849685277469,1.612643041036455,0.7053284570675022,2.218217951822065,2.213812726659157,1.3517297159798,1.62643094943302,1.8431704993427556,1.9886356675669872,1.8492247361856,2.204153444351684,1.747362446518828,3.902616518141539,2.203850530138145,2.431054794166624,2.886268791166064,1.4715370489022055,1.7844911945394282,1.4676686991636605,1.9068496579437748,1.9549355317723245,2.315588584224595,1.3633152152686119,2.3415081472603094
33,2.33939814183718,2.4469779012661776,1.5816423132413115,2.3005970747729867,1.725570390418111,1.4424773686952255,2.2776395660984137,1.9728667485337894,1.4034907699487937,1.7166467834625758,2.0316986153666727,2.350009387657639,2.985941047866952,2.2013351769285046,1.4423935197812037,2.5889449134887434,2.188767311348765,2.165606668871046,1.698756227231813,2.8412457803067834,1.4430623008647137,1.8321938249654297,1.687895792555331,1.7228266577139828,1.8397110159700443,1.8835394281714692,0.5751301941226566,2.312514254622931,2.4862172333492922,1.6520163302464455,1.9236458705808017,2.0741174668856317,1.9680412090763395,1.80434123111078,1.8483198727752144,1.7446350701988058,1.9884076016838799,1.3176552811685645,2.2861174757590494,3.872860017345931,1.6771278320511014,2.656714266362299,0.9155342323223079,1.6425983039450722,2.078863328690748,2.645776004032663,2.083353233008697,2.3856813320796437
34,0.6136633868976389,2.389441896120039,1.5161159615793205,3.325543248568762,1.6438959746356316,1.3038642445085815,1.6930668430436442,2.2513205531104132,1.7228922676842384,1.8869011395125268,2.369566649426267,2.143311921874541,2.58561370982324,1.8735542429302234,1.166718747712831,2.210951596384985,2.215111174333003,1.9534463788928635,2.1559587167028678,3.1900634654538385,2.4286600237305733,1.931984121298282,1.6695693114609556,1.8828488022119358,1.7503724435221155,2.0433760346990253,1.0975407184923653,1.7611364429080654,2.6193619084843096,1.7175144768866601,2.0476487599595043,1.7436314494213303,1.8310704904307091,2.1274064004161226,2.302028696381278,2.1543066081588407,2.6694646752089257,1.944158184042889,2.3811484354819767,3.518876369295286,1.7111080412320272,2.3514014108078634,1.1164128559726425,1.8901335893668805,1.9642499223534993,2.633778996191211,2.0567871038861476,2.3807074735743585
35,1.420545683708323,2.278976778943674,1.0848613940998164,2.2134092797558793,2.02526787175424,1.5867383665460224,1.5019070041165377,2.082463478603659,1.2282668991743784,1.958891452453734,2.302559085501219,1.8054705688483121,2.965960388161825,1.8506489170574785,1.1431126525434196,2.4989930745339577,2.3719502939583563,2.334910985552047,1.4215552523613624,1.5498893251969121,1.441978283995368,1.6029043305008106,1.6457458308350617,1.0978367351629306,1.472584800787108,1.9568618012464716,0.8121202907188926,2.1381634505061675,3.0297996125146036,1.9786670766172643,2.225487968936599,2.061192116866547,2.1433896954516523,2.3752697919166352,2.415358817551838,2.437463378123329,4.457584258646813,1.6435422006822207,1.932687468060477,2.569651234723798,1.8808054128947336,1.707812533597724,1.0703086055433868,1.5299723302148258,1.80886123565366,1.9475769249713386,2.1527726358127963,2.5697528440499684
36,2.8786044355361433,2.726603194945968,1.4719054408293957,2.806050315038204,2.32098072810988,2.143635449102968,2.4206830556918897,2.5633366218681406,1.8813352007160593,2.503005741401913,3.091708083429005,2.5769600703454665,2.98512285646415,2.0957463052763954,1.3585440659167547,2.7320677006150813,2.970856921006083,2.4609939867185533,1.9137803711146257,2.4216182418700503,2.7316014338232484,1.6361173020264221,1.6622093444319586,1.489013614945164,1.448587797041936,3.199305573591399,1.1232105053354238,2.096328158644072,2.5440557387827902,1.3367852395431576,1.7825579142071935,1.3432636813603227,2.3449431675693195,2.6505955038995723,2.490996748204313,3.2470948460682507,5.8125146425151915,1.948484458438645,2.172885915030756,3.0794736811961156,1.5217263888180945,1.9269132997796403,1.2046842002071951,1.86650977158452,1.6859736297081258,2.5637498905413034,1.9709195254327752,2.4368923135739453
37,1.5404548017752393,2.4205280070549513,0.9327127635326184,1.3887683482321584,2.383674303407738,1.6938968779356565,1.6318395013214768,2.4209178342164828,1.6354740670890928,2.2781683015824283,2.8054463850535187,2.3557768490487847,2.6269938582556938,1.9575658221185246,1.2357287769429082,2.441685874342882,2.1350931160520914,2.158536483450996,2.2931915509608656,2.6978961152422607,1.6308904524460655,1.7045557865824832,1.8250931707064346,1.6121189199311443,1.5241858817172034,3.028706757114295,1.082558395590847,1.8833756748187824,1.8828933461366215,2.094975748938072,1.7758860433538661,1.7709848152075869,2.54998005819201,2.3504412526899134,2.2541340481703322,2.6999850243377863,1.0858637758541245,1.8908351353396402,2.2181773884778746,2.68117151701115,1.6576979771561775,2.0931414900535095,0.9118709830365004,2.199037181829984,1.778267686119668,2.1719386085855117,1.8219517642271192,2.241134623531478
38,2.034093879707112,2.502101653836045,0.8334929693955616,1.49905328844212,2.5502374873348046,1.241684372884663,2.002574224112179,2.0667806799043573,1.4136633068445625,2.286311404241427,2.928143326439845,2.53921724630344,2.31986821632276,1.6656863675067408,1.0588360262367065,1.9492305673715098,2.0075933809162545,1.8328139286202658,1.5677531225109107,2.770300800076605,1.4803230947908494,1.5454758503470793,1.476548185254931,1.323875482458099,1.3198703778814882,1.6662598966377193,0.6413196014878761,1.8522530270912547,2.043195932068244,1.5196524551018795,1.883721111485092,2.0117796409896576,2.3991493448413506,2.6111831146471576,2.3711318956870944,2.3716047122586845,2.4132262793257055,1.9662745451156383,2.2918084003225356,2.534115202605188,1.4616384807448142,1.8501743809736027,0.49807435823144763,2.0239534046932537,1.7196002979246874,1.946789054084015,1.3603016334363676,1.6759500831774834
39,2.1208810067186934,2.582522419827327,0.9489955183385206,1.0696906433793354,1.4493685867420771,1.6220190985304497,2.2040607876305742,2.3022160371771365,1.4824313696932974,2.470292061057036,2.957656893384607,2.4430045249636474,2.878702403296545,1.7837810418754565,1.331567162640905,2.587237915725927,2.351034863346628,2.5436101387346395,1.8007656582354123,1.9183104261194703,1.5137327595598622,0.8678418881268763,1.5185126232410118,1.3575203319585811,1.3231452722937436,1.8748688818911796,0.714580621099538,1.6596218832998764,1.4598994277857837,1.4000966436087388,1.5504810906172053,2.3843252900613936,2.880866014636409,2.8187566035362623,2.289459047012055,3.050588316243643,3.6860067833990344,1.6012923543014435,1.9526948944580926,2.1764909522061497,1.33681955966684,1.5454545896628669,0.36558266060332,1.6289510785329513,1.6672820872704588,2.0772705145165085,1.4165494932106542,2.17459651171201
40,0.5391095333439294,2.2229980117050583,0.6259903849715165,0.8279190977709442,0.9350296784149623,1.461153612978805,1.907815617475219,1.9521292793551859,1.5424901287742507,2.279789249707625,2.8800617363396275,1.8263616693024787,2.4093679510431154,1.9090285227586015,1.5255821410892925,2.676929810080919,2.4320593484276953,2.639761702210742,1.7068244727142485,2.1325566926330044,3.073977977670741,1.697035921070407,1.501777695292246,1.414042557968621,1.3826903169666935,2.11753299788444,0.9641792753623429,1.904107301125942,1.9588447680153016,2.1121555622287844,1.6925900288644407,1.9408345364521222,2.9570687372466664,3.17494510949145,2.3579291008679606,4.054636415206306,3.995645761684332,1.9040929345544129,1.8605525536743666,2.28892100976077,1.599348979659828,1.4499152171848833,0.3916958571389651,1.8382113869368586,1.484075751377731,1.9487381333706293,1.4205802714330056,2.001620927661421
41,0.5956959104950129,2.0985115799698772,0.5733432229037232,1.2312935264058504,1.2292624771995762,1.179766459989201,1.5188573309551776,1.9540852475434314,2.9807928017107854,2.018344078731606,3.015103968908939,1.6779849851822137,2.0068047749319207,1.3628668894283285,1.1489292637685367,1.9255654480892836,2.006009137785132,1.7549575792572591,1.8178295337384933,2.1587012532690086,1.6494814363466934,1.836522600209568,1.548265133205354,1.4852754622449307,1.2915247598675368,2.134377487093353,0.7599747409297465,1.921092457437971,2.1853741376835165,3.734289881641864,2.028104054814497,1.686335029586842,2.628649947926163,2.8289652985542477,1.9658430342958715,2.9229550437469918,2.433821395657665,1.734853200453761,1.8429216205474486,1.5452457850588524,2.204640779706134,2.1149928945406398,0.36991499651667226,2.2062501041010925,1.3272723637998272,1.6611665468682375,1.2154276626188218,1.4842944379578635
42,0.5143273633653361,1.7277423399405596,0.45096312494676916,0.9037482967105265,0.9397911918522736,1.0384913568565386,1.1392226476682947,2.1504076674700783,1.5242264870702957,1.8947385637497192,2.964893373708032,1.3263537496054234,1.9250010052994802,1.4132225729943346,1.165074294401257,1.9599628077701725,2.113847911975156,1.9581337047497964,1.748291946503756,2.6816041436259246,1.774790381154457,1.9282599443557813,1.657674319818456,1.7702424841113389,1.3719853593070628,2.2541226379617476,1.3879239717221628,1.2728140681878053,1.8332023777116926,2.5453475307537143,1.647223217990454,2.2611598086870393,2.9568407237450236,3.1636292830502373,2.1027343264206357,2.7208482078086407,6.1711356858310396,1.6842684087589372,2.1874671110306285,1.8451143187795338,2.0182701671506424,1.7890834780949236,0.43767883561697823,1.9596246337067587,1.4787091479013799,1.9185750371451513,1.5488500364765425,1.6459622756532792
43,0.7755964486830189,2.554431946928591,0.6927101464318765,1.4134810080331213,1.2404470246424386,1.1518401377837695,1.010951245554666,1.9611011441899788,1.4397113877310774,1.9924911130849223,3.282519831669157,1.3606437182785482,1.88577747698077,1.4792267621132016,1.325627699190851,1.9170186051240687,2.3417479863956188,1.7056275052103789,1.419252088080383,2.0299019236988216,1.7749707353281816,2.0401403492765318,1.5834021259920537,1.7168314514891412,1.3139566141949186,2.4307503673678883,0.9894129518482826,1.3857123333774855,2.3077378608331243,2.3271887197543784,1.4550916277316095,2.3877428010981503,3.01137998383781,3.3031526659513673,2.361757845792333,3.366248655770861,2.808560278686209,1.5536775843148176,2.004057071054329,1.572390416424332,1.9825877755347716,1.311626590006823,0.4912684926918908,1.6756568179998033,1.6010514509630054,2.044342145961012,2.065140716718177,1.5343210444198758
44,0.3737622133166346,2.8312823013043915,0.9388688308465646,1.3910537800385017,1.500406944948049,1.9018040641103227,1.9614070008728426,2.3478044677725265,1.6290009885342103,2.6095779048037384,2.979032425148375,1.070512741069448,2.100440396251988,1.8019574543787558,1.7287010314745073,2.4081411668183206,2.5079633164178867,2.0586752913068005,2.0101709990965078,1.723469055555273,3.249060260163544,1.7090025095751749,1.366002665769923,1.5097401522136245,1.2182695143332563,2.2799845545980846,0.8864577852626829,1.7786622730801807,3.26930608434481,3.68638459966757,1.7833755186755125,2.131959995747277,1.8467153556438194,3.598309931611797,2.375794877136377,3.2968577884963253,6.29829158822641,1.654229128505071,2.0256066286784504,2.2654860395923535,2.5243519100647203,1.7965364244729727,0.6306810551236846,2.1126960209311076,1.6198304476367709,1.901919034628496,2.724062934830828,1.3102584701542659
45,0.1462072002743755,2.4679411941283025,0.37014234957483355,1.467368633236932,1.738309659894395,1.414533655038942,1.215772696994392,2.214914306509843,0.974956224698869,2.532367919687781,2.9038841547686802,0.91537283448476,2.0091730370414758,1.6102730126504747,1.5979525400014671,1.7332547075713005,2.577517006902282,1.7480767209781645,1.2107846484893752,1.7200992232119392,1.7159974429561817,1.973368921481515,1.3502563388306534,1.7439190441812031,1.227377081669487,2.7648369368058447,1.1463519561840476,1.3676614758557046,3.174213273007605,2.9963614512619077,1.7944179563194198,2.708833549622719,2.423578615493473,3.6435645491255686,2.799493772162049,4.831815685402745,5.069985602648867,1.7223464905438073,2.0567139473743117,2.1917874871866747,2.794762521543476,1.5152981714529066,0.7180135871839635,2.033097188323611,1.5972528504962322,1.972962588414369,,1.1820463210754177
46,0.31798447627547827,2.548630502632874,0.9873304107229773,1.3988056790466414,1.6440849985910628,1.0376902631516733,0.9098945605172958,1.7771828809457781,1.8438168518894595,2.256426771601157,2.8121566244674883,0.7050038104015247,2.8112146184980995,2.235475851179796,2.627300017474725,1.9621473584785394,3.1559966862233417,2.5964146616417074,1.6942273400591277,1.3795342908383852,2.9549826901613416,1.6315303419468685,1.2217828707173048,1.302808174363374,0.8328754066323157,2.420484760770007,0.6495063313563181,1.6525583530956005,3.6333265740165337,5.026708544059678,2.1883012975928895,2.690298747788742,2.41045192616084,3.565253618613133,3.036113122851645,3.939320702716604,2.143769723576467,1.4173183940096894,1.9412957826681367,1.4421859623733013,2.2668836280373847,1.601261829279491,0.7312635933050606,1.8402705921087608,1.216994629826333,1.8915222286055786,1.7355390805302782,0.9837597255659685
47,0.5588117846832367,2.584443887810346,1.000656820138096,1.498047698447329,1.6865889252093167,0.8703540709174453,0.7352487079531409,1.939299226373686,1.6043236543171608,2.5513583438727947,2.2733674070315293,0.6963087120445205,2.2956298871935155,1.8393689913337368,2.1742081646159432,1.4081046560328383,2.54675874119215,2.0783993336867934,1.830093955239699,1.0442876879254988,3.370450600651288,1.721741795141329,1.3014816337687278,1.515157080672684,0.9249310081257341,2.686416596786422,1.7315402904417694,1.250124889576926,2.9855261420644186,4.405100934570388,2.223447370138374,3.572454175232405,2.9853441553395035,3.7013687247337903,3.188274950631959,4.824970780334745,1.4805977186544008,1.0658515187433477,2.3558758968744624,1.627526400691165,2.1544394196710495,1.505209736376918,0.7770165732548553,1.7480598408445458,0.4420574993905726,2.2885447872801388,1.4378356029198558,1.2858270218327976
48,1.2791857164575564,3.5103985371532427,1.2566246906801637,1.8317421680965946,2.55966316687238,0.908254390186439,0.6813029422115061,2.214982660236852,1.5019722980665267,3.090579342387435,2.4683570272634996,0.6144624537103649,2.548333977264944,2.216248156285646,2.2473518098850738,1.5135862796938866,3.24252563214152,2.0502827741366403,1.7549461695820527,1.9220839710504711,1.5535538260220905,1.744838193241839,1.4286066191845008,2.00924232439161,1.081547557607293,2.667289214557908,0.9424620836546888,1.2680088509875547,2.8540863083416466,4.130201360289251,2.3282126679035744,3.375496433166245,3.233443335824101,4.507383983238924,3.8424825048761124,3.7342296313869956,1.3005460292125162,1.3356084615231756,2.719168639357479,1.589800752685903,2.0349621060066196,1.416113726760524,0.9081220070265387,1.9970668019847773,0.00814250381745457,2.1862194121036174,1.3444095651547445,0.8862857895661338
49,1.7581540815118906,5.711752639626288,1.3443440171018834,2.157543327644703,3.0833975109042013,1.0592980538694756,1.0583911517169917,3.2753844067551987,1.617634889552671,4.593952098839498,2.447054955525164,0.4427110653940984,1.7465962616905746,2.0651755334194775,2.156282178199497,1.4441556697964562,2.8234348770773683,2.2717481972691185,1.8721293325505441,1.4100379464808899,3.901995340203087,2.041812049649724,1.4596260157596228,1.8216988788772586,1.1811651169619453,2.8602944777825887,2.0130522861539766,1.2503717567413382,4.927230784987923,6.163998646926999,2.6332337325477106,4.417014094860396,3.198143532380459,4.845577880030494,4.293289351120849,6.277395965849264,1.3305203678916502,1.1954122778551446,2.3451788000458267,1.883967427553308,2.5162663765526316,1.4095953058573962,0.8011016009507553,2.239525376594971,0.006053890884748887,2.3181697625400917,2.9101778680409827,1.0654105661235158
50,3.0927028477747434,0.2538668192728949,1.0922985855968979,0.36239235116253915,2.5691682364712367,1.6097559517485065,1.8152225524583412,4.234694496347188,2.417830649311404,4.982485813826752,2.281673732452604,0.27895890247181365,6.28033788987515,2.593485797388499,3.2792221742259904,2.0062888303888413,3.07209737482455,4.555953528765781,3.199178364069008,2.963742522454636,8.484335180588886,3.832303451361014,2.46652859807135,4.841337029531392,1.9437719583160262,3.626523801442622,2.8461997205471077,1.1284506705425044,4.185660799970547,7.0387928653393,2.436278412420687,8.315144948968046,4.319415403725458,6.636792404939425,6.194071408154752,6.931250190698401,8.13813088346443,1.9553429767763617,3.128357048492029,1.5815174440437354,3.3386982909413896,1.5234498976261173,0.834664658904969,4.938875260994273,,2.2489401141140863,3.3789243689279087,1.0526136328411568
